<?xml version="1.0" encoding="UTF-8"?>
<!-- This file was auto-generated from WSDL -->
<!-- by the Apache Axis2 version: 1.7.6  Built on : Jul 30, 2017 (09:08:31 BST) -->
<serviceGroup>
    <service name="ISlaughterhouseWebService">
        <messageReceivers>
            <messageReceiver mep="http://www.w3.org/ns/wsdl/in-out" class="tier2.webservice.skeleton.ISlaughterhouseWebServiceMessageReceiverInOut"/>
        </messageReceivers>
        <parameter name="ServiceClass">tier2.webservice.skeleton.ISlaughterhouseWebServiceSkeleton</parameter>
        <parameter name="useOriginalwsdl">true</parameter>
        <parameter name="modifyUserWSDLPortAddress">true</parameter>
        <operation name="readIncomingMessage" mep="http://www.w3.org/ns/wsdl/in-out" namespace="http://webservice.tier2">
            <actionMapping>urn:readIncomingMessage</actionMapping>
            <outputActionMapping>urn:readIncomingMessageResponse</outputActionMapping>
        </operation>
    </service>
</serviceGroup>
