<?xml version="1.0" encoding="UTF-8"?>
<!-- This file was auto-generated from WSDL -->
<!-- by the Apache Axis2 version: 1.7.6  Built on : Jul 30, 2017 (09:08:31 BST) -->
<serviceGroup>
    <service name="IWebServiceBadPackage">
        <messageReceivers>
            <messageReceiver mep="http://www.w3.org/ns/wsdl/in-out" class="webservice.skeleton.IWebServiceBadPackageMessageReceiverInOut"/>
        </messageReceivers>
        <parameter name="ServiceClass">webservice.skeleton.IWebServiceBadPackageSkeleton</parameter>
        <parameter name="useOriginalwsdl">true</parameter>
        <parameter name="modifyUserWSDLPortAddress">true</parameter>
        <operation name="getBadPackages" mep="http://www.w3.org/ns/wsdl/in-out" namespace="http://webservice">
            <actionMapping>urn:getBadPackages</actionMapping>
            <outputActionMapping>urn:getBadPackagesResponse</outputActionMapping>
        </operation>
    </service>
</serviceGroup>
